{
  "configs": [
    {
      "server": "198.35.44.20",
      "server_port": 16000,
      "password": "123456",
      "method": "aes-256-cfb",
      "remarks": "",
      "timeout": 5
    },
    {
      "server": "198.35.44.20",
      "server_port": 16001,
      "password": "123456",
      "method": "aes-256-cfb",
      "remarks": "",
      "timeout": 5
    },
    {
      "server": "66.112.212.141",
      "server_port": 16000,
      "password": "123456",
      "method": "aes-256-cfb",
      "remarks": "",
      "timeout": 5
    },
    {
      "server": "66.112.212.141",
      "server_port": 16001,
      "password": "123456",
      "method": "aes-256-cfb",
      "remarks": "",
      "timeout": 5
    }
  ],
  "strategy": null,
  "index": 3,
  "global": false,
  "enabled": true,
  "shareOverLan": true,
  "isDefault": false,
  "localPort": 1080,
  "pacUrl": null,
  "useOnlinePac": false,
  "secureLocalPac": true,
  "availabilityStatistics": false,
  "autoCheckUpdate": false,
  "checkPreRelease": false,
  "isVerboseLogging": true,
  "logViewer": {
    "topMost": false,
    "wrapText": false,
    "toolbarShown": false,
    "Font": "Consolas, 8pt",
    "BackgroundColor": "Black",
    "TextColor": "White"
  },
  "proxy": {
    "useProxy": false,
    "proxyType": 0,
    "proxyServer": "",
    "proxyPort": 0,
    "proxyTimeout": 3
  },
  "hotkey": {
    "SwitchSystemProxy": "",
    "SwitchSystemProxyMode": "",
    "SwitchAllowLan": "",
    "ShowLogs": "",
    "ServerMoveUp": "",
    "ServerMoveDown": ""
  }
}